strategy,run,rps,second,pending_pods
st5-AttUpd,benchmark1.5-05-20-26_235948,400,0,0
st5-AttUpd,benchmark1.5-05-20-26_235948,400,1,0
st5-AttUpd,benchmark1.5-05-20-26_235948,400,2,0
st5-AttUpd,benchmark1.5-05-20-26_235948,400,3,0
st5-AttUpd,benchmark1.5-05-20-26_235948,400,4,0
st5-AttUpd,benchmark1.5-05-20-26_235948,400,5,0
st5-AttUpd,benchmark1.5-05-20-26_235948,400,6,0
st5-AttUpd,benchmark1.5-05-20-26_235948,400,7,0
st5-AttUpd,benchmark1.5-05-20-26_235948,400,8,0
st5-AttUpd,benchmark1.5-05-20-26_235948,400,9,0
st5-AttUpd,benchmark1.5-05-20-26_235948,400,10,0
st5-AttUpd,benchmark1.5-05-20-26_235948,400,11,0
st5-AttUpd,benchmark1.5-05-20-26_235948,400,12,0
st5-AttUpd,benchmark1.5-05-20-26_235948,400,13,0
st5-AttUpd,benchmark1.5-05-20-26_235948,400,14,0
st5-AttUpd,benchmark1.5-05-20-26_235948,400,15,0
st5-AttUpd,benchmark1.5-05-20-26_235948,400,16,0
st5-AttUpd,benchmark1.5-05-20-26_235948,400,17,0
st5-AttUpd,benchmark1.5-05-20-26_235948,400,18,0
st5-AttUpd,benchmark1.5-05-20-26_235948,400,19,0
st5-AttUpd,benchmark1.5-05-20-26_235948,400,20,0
st5-AttUpd,benchmark1.5-05-20-26_235948,400,21,0
st5-AttUpd,benchmark1.5-05-20-26_235948,400,22,0
st5-AttUpd,benchmark1.5-05-20-26_235948,400,23,0
st5-AttUpd,benchmark1.5-05-20-26_235948,400,24,0
st5-AttUpd,benchmark1.5-05-20-26_235948,400,25,0
st5-AttUpd,benchmark1.5-05-20-26_235948,400,26,5
st5-AttUpd,benchmark1.5-05-20-26_235948,400,27,5
st5-AttUpd,benchmark1.5-05-20-26_235948,400,28,5
st5-AttUpd,benchmark1.5-05-20-26_235948,400,29,5
st5-AttUpd,benchmark1.5-05-20-26_235948,400,30,3
st5-AttUpd,benchmark1.5-05-20-26_235948,400,31,0
st5-AttUpd,benchmark1.5-05-20-26_235948,400,32,0
st5-AttUpd,benchmark1.5-05-20-26_235948,400,33,0
st5-AttUpd,benchmark1.5-05-20-26_235948,400,34,0
st5-AttUpd,benchmark1.5-05-20-26_235948,400,35,0
st5-AttUpd,benchmark1.5-05-20-26_235948,400,36,0
st5-AttUpd,benchmark1.5-05-20-26_235948,400,37,0
st5-AttUpd,benchmark1.5-05-20-26_235948,400,38,0
st5-AttUpd,benchmark1.5-05-20-26_235948,400,39,0
st5-AttUpd,benchmark1.5-05-20-26_235948,400,40,0
st5-AttUpd,benchmark1.5-05-20-26_235948,400,41,2
st5-AttUpd,benchmark1.5-05-20-26_235948,400,42,2
st5-AttUpd,benchmark1.5-05-20-26_235948,400,43,2
st5-AttUpd,benchmark1.5-05-20-26_235948,400,44,2
st5-AttUpd,benchmark1.5-05-20-26_235948,400,45,2
st5-AttUpd,benchmark1.5-05-20-26_235948,400,46,0
st5-AttUpd,benchmark1.5-05-20-26_235948,400,47,0
st5-AttUpd,benchmark1.5-05-20-26_235948,400,48,0
st5-AttUpd,benchmark1.5-05-20-26_235948,400,49,0
st5-AttUpd,benchmark1.5-05-20-26_235948,400,50,0
st5-AttUpd,benchmark1.5-05-20-26_235948,400,51,0
st5-AttUpd,benchmark1.5-05-20-26_235948,400,52,0
st5-AttUpd,benchmark1.5-05-20-26_235948,400,53,0
st5-AttUpd,benchmark1.5-05-20-26_235948,400,54,0
st5-AttUpd,benchmark1.5-05-20-26_235948,400,55,0
st5-AttUpd,benchmark1.5-05-20-26_235948,400,56,0
st5-AttUpd,benchmark1.5-05-20-26_235948,400,57,0
st5-AttUpd,benchmark1.5-05-20-26_235948,400,58,0
st5-AttUpd,benchmark1.5-05-20-26_235948,400,59,0
st5-AttUpd,benchmark1.5-05-20-26_235948,400,60,0
st5-AttUpd,benchmark1.5-05-20-26_235948,400,61,0
st5-AttUpd,benchmark1.5-05-20-26_235948,400,62,0
st5-AttUpd,benchmark1.5-05-20-26_235948,400,63,0
st5-AttUpd,benchmark1.5-05-20-26_235948,400,64,0
st5-AttUpd,benchmark1.5-05-20-26_235948,400,65,0
st5-AttUpd,benchmark1.5-05-20-26_235948,400,66,0
st5-AttUpd,benchmark1.5-05-20-26_235948,400,67,0
st5-AttUpd,benchmark1.5-05-20-26_235948,400,68,0
st5-AttUpd,benchmark1.5-05-20-26_235948,400,69,0
st5-AttUpd,benchmark1.5-05-20-26_235948,400,70,0
st5-AttUpd,benchmark1.5-05-20-26_235948,400,71,3
st5-AttUpd,benchmark1.5-05-20-26_235948,400,72,3
st5-AttUpd,benchmark1.5-05-20-26_235948,400,74,3
st5-AttUpd,benchmark1.5-05-20-26_235948,400,75,3
st5-AttUpd,benchmark1.5-05-20-26_235948,400,76,2
st5-AttUpd,benchmark1.5-05-20-26_235948,400,77,0
st5-AttUpd,benchmark1.5-05-20-26_235948,400,78,0
st5-AttUpd,benchmark1.5-05-20-26_235948,400,79,0
st5-AttUpd,benchmark1.5-05-20-26_235948,400,80,0
st5-AttUpd,benchmark1.5-05-20-26_235948,400,81,0
st5-AttUpd,benchmark1.5-05-20-26_235948,400,82,0
st5-AttUpd,benchmark1.5-05-20-26_235948,400,83,0
st5-AttUpd,benchmark1.5-05-20-26_235948,400,84,0
st5-AttUpd,benchmark1.5-05-20-26_235948,400,85,0
st5-AttUpd,benchmark1.5-05-20-26_235948,400,86,0
st5-AttUpd,benchmark1.5-05-20-26_235948,400,87,2
st5-AttUpd,benchmark1.5-05-20-26_235948,400,88,2
st5-AttUpd,benchmark1.5-05-20-26_235948,400,89,2
st5-AttUpd,benchmark1.5-05-20-26_235948,400,90,2
st5-AttUpd,benchmark1.5-05-20-26_235948,400,91,2
st5-AttUpd,benchmark1.5-05-20-26_235948,400,92,0
st5-AttUpd,benchmark1.5-05-20-26_235948,400,93,0
st5-AttUpd,benchmark1.5-05-20-26_235948,400,94,0
st5-AttUpd,benchmark1.5-05-20-26_235948,400,95,0
st5-AttUpd,benchmark1.5-05-20-26_235948,400,96,0
st5-AttUpd,benchmark1.5-05-20-26_235948,400,97,0
st5-AttUpd,benchmark1.5-05-20-26_235948,400,98,0
st5-AttUpd,benchmark1.5-05-20-26_235948,400,99,0
st5-AttUpd,benchmark1.5-05-20-26_235948,400,100,0
st5-AttUpd,benchmark1.5-05-20-26_235948,400,101,0
st5-AttUpd,benchmark1.5-05-20-26_235948,400,102,0
st5-AttUpd,benchmark1.5-05-20-26_235948,400,103,0
st5-AttUpd,benchmark1.5-05-20-26_235948,400,104,0
st5-AttUpd,benchmark1.5-05-20-26_235948,400,105,0
st5-AttUpd,benchmark1.5-05-20-26_235948,400,106,0
st5-AttUpd,benchmark1.5-05-20-26_235948,400,107,0
st5-AttUpd,benchmark1.5-05-20-26_235948,400,108,0
st5-AttUpd,benchmark1.5-05-20-26_235948,400,109,0
st5-AttUpd,benchmark1.5-05-20-26_235948,400,110,0
st5-AttUpd,benchmark1.5-05-20-26_235948,400,111,0
st5-AttUpd,benchmark1.5-05-20-26_235948,400,112,0
st5-AttUpd,benchmark1.5-05-20-26_235948,400,113,0
st5-AttUpd,benchmark1.5-05-20-26_235948,400,114,0
st5-AttUpd,benchmark1.5-05-20-26_235948,400,115,0
st5-AttUpd,benchmark1.5-05-20-26_235948,400,116,0
st5-AttUpd,benchmark1.5-05-20-26_235948,400,117,0
st5-AttUpd,benchmark1.5-05-20-26_235948,400,118,0
st5-AttUpd,benchmark1.5-05-20-26_235948,400,119,0
st5-AttUpd,benchmark1.5-05-20-26_235948,400,120,0
st5-AttUpd,benchmark1.5-05-21-26_020438,400,0,0
st5-AttUpd,benchmark1.5-05-21-26_020438,400,1,0
st5-AttUpd,benchmark1.5-05-21-26_020438,400,2,0
st5-AttUpd,benchmark1.5-05-21-26_020438,400,3,0
st5-AttUpd,benchmark1.5-05-21-26_020438,400,4,0
st5-AttUpd,benchmark1.5-05-21-26_020438,400,5,0
st5-AttUpd,benchmark1.5-05-21-26_020438,400,6,0
st5-AttUpd,benchmark1.5-05-21-26_020438,400,7,0
st5-AttUpd,benchmark1.5-05-21-26_020438,400,8,0
st5-AttUpd,benchmark1.5-05-21-26_020438,400,9,0
st5-AttUpd,benchmark1.5-05-21-26_020438,400,10,0
st5-AttUpd,benchmark1.5-05-21-26_020438,400,11,0
st5-AttUpd,benchmark1.5-05-21-26_020438,400,12,0
st5-AttUpd,benchmark1.5-05-21-26_020438,400,13,0
st5-AttUpd,benchmark1.5-05-21-26_020438,400,14,0
st5-AttUpd,benchmark1.5-05-21-26_020438,400,15,0
st5-AttUpd,benchmark1.5-05-21-26_020438,400,16,0
st5-AttUpd,benchmark1.5-05-21-26_020438,400,17,0
st5-AttUpd,benchmark1.5-05-21-26_020438,400,18,0
st5-AttUpd,benchmark1.5-05-21-26_020438,400,19,0
st5-AttUpd,benchmark1.5-05-21-26_020438,400,20,0
st5-AttUpd,benchmark1.5-05-21-26_020438,400,21,0
st5-AttUpd,benchmark1.5-05-21-26_020438,400,22,0
st5-AttUpd,benchmark1.5-05-21-26_020438,400,23,0
st5-AttUpd,benchmark1.5-05-21-26_020438,400,24,0
st5-AttUpd,benchmark1.5-05-21-26_020438,400,25,0
st5-AttUpd,benchmark1.5-05-21-26_020438,400,26,3
st5-AttUpd,benchmark1.5-05-21-26_020438,400,27,3
st5-AttUpd,benchmark1.5-05-21-26_020438,400,28,3
st5-AttUpd,benchmark1.5-05-21-26_020438,400,29,3
st5-AttUpd,benchmark1.5-05-21-26_020438,400,30,3
st5-AttUpd,benchmark1.5-05-21-26_020438,400,31,2
st5-AttUpd,benchmark1.5-05-21-26_020438,400,32,0
st5-AttUpd,benchmark1.5-05-21-26_020438,400,33,0
st5-AttUpd,benchmark1.5-05-21-26_020438,400,34,0
st5-AttUpd,benchmark1.5-05-21-26_020438,400,35,0
st5-AttUpd,benchmark1.5-05-21-26_020438,400,36,0
st5-AttUpd,benchmark1.5-05-21-26_020438,400,37,0
st5-AttUpd,benchmark1.5-05-21-26_020438,400,38,0
st5-AttUpd,benchmark1.5-05-21-26_020438,400,39,0
st5-AttUpd,benchmark1.5-05-21-26_020438,400,40,0
st5-AttUpd,benchmark1.5-05-21-26_020438,400,41,2
st5-AttUpd,benchmark1.5-05-21-26_020438,400,42,2
st5-AttUpd,benchmark1.5-05-21-26_020438,400,43,2
st5-AttUpd,benchmark1.5-05-21-26_020438,400,44,2
st5-AttUpd,benchmark1.5-05-21-26_020438,400,45,2
st5-AttUpd,benchmark1.5-05-21-26_020438,400,46,0
st5-AttUpd,benchmark1.5-05-21-26_020438,400,47,0
st5-AttUpd,benchmark1.5-05-21-26_020438,400,48,0
st5-AttUpd,benchmark1.5-05-21-26_020438,400,49,0
st5-AttUpd,benchmark1.5-05-21-26_020438,400,50,0
st5-AttUpd,benchmark1.5-05-21-26_020438,400,51,0
st5-AttUpd,benchmark1.5-05-21-26_020438,400,52,0
st5-AttUpd,benchmark1.5-05-21-26_020438,400,53,0
st5-AttUpd,benchmark1.5-05-21-26_020438,400,54,0
st5-AttUpd,benchmark1.5-05-21-26_020438,400,55,0
st5-AttUpd,benchmark1.5-05-21-26_020438,400,56,0
st5-AttUpd,benchmark1.5-05-21-26_020438,400,57,0
st5-AttUpd,benchmark1.5-05-21-26_020438,400,58,0
st5-AttUpd,benchmark1.5-05-21-26_020438,400,59,0
st5-AttUpd,benchmark1.5-05-21-26_020438,400,60,0
st5-AttUpd,benchmark1.5-05-21-26_020438,400,61,0
st5-AttUpd,benchmark1.5-05-21-26_020438,400,62,0
st5-AttUpd,benchmark1.5-05-21-26_020438,400,63,0
st5-AttUpd,benchmark1.5-05-21-26_020438,400,64,0
st5-AttUpd,benchmark1.5-05-21-26_020438,400,65,0
st5-AttUpd,benchmark1.5-05-21-26_020438,400,66,0
st5-AttUpd,benchmark1.5-05-21-26_020438,400,67,0
st5-AttUpd,benchmark1.5-05-21-26_020438,400,68,0
st5-AttUpd,benchmark1.5-05-21-26_020438,400,69,0
st5-AttUpd,benchmark1.5-05-21-26_020438,400,70,0
st5-AttUpd,benchmark1.5-05-21-26_020438,400,71,0
st5-AttUpd,benchmark1.5-05-21-26_020438,400,72,0
st5-AttUpd,benchmark1.5-05-21-26_020438,400,73,0
st5-AttUpd,benchmark1.5-05-21-26_020438,400,74,0
st5-AttUpd,benchmark1.5-05-21-26_020438,400,75,0
st5-AttUpd,benchmark1.5-05-21-26_020438,400,77,0
st5-AttUpd,benchmark1.5-05-21-26_020438,400,78,0
st5-AttUpd,benchmark1.5-05-21-26_020438,400,79,0
st5-AttUpd,benchmark1.5-05-21-26_020438,400,80,0
st5-AttUpd,benchmark1.5-05-21-26_020438,400,81,0
st5-AttUpd,benchmark1.5-05-21-26_020438,400,82,0
st5-AttUpd,benchmark1.5-05-21-26_020438,400,83,0
st5-AttUpd,benchmark1.5-05-21-26_020438,400,84,0
st5-AttUpd,benchmark1.5-05-21-26_020438,400,85,0
st5-AttUpd,benchmark1.5-05-21-26_020438,400,86,0
st5-AttUpd,benchmark1.5-05-21-26_020438,400,87,4
st5-AttUpd,benchmark1.5-05-21-26_020438,400,88,4
st5-AttUpd,benchmark1.5-05-21-26_020438,400,89,4
st5-AttUpd,benchmark1.5-05-21-26_020438,400,90,4
st5-AttUpd,benchmark1.5-05-21-26_020438,400,91,3
st5-AttUpd,benchmark1.5-05-21-26_020438,400,92,0
st5-AttUpd,benchmark1.5-05-21-26_020438,400,93,0
st5-AttUpd,benchmark1.5-05-21-26_020438,400,94,0
st5-AttUpd,benchmark1.5-05-21-26_020438,400,95,0
st5-AttUpd,benchmark1.5-05-21-26_020438,400,96,0
st5-AttUpd,benchmark1.5-05-21-26_020438,400,97,0
st5-AttUpd,benchmark1.5-05-21-26_020438,400,98,0
st5-AttUpd,benchmark1.5-05-21-26_020438,400,99,0
st5-AttUpd,benchmark1.5-05-21-26_020438,400,100,0
st5-AttUpd,benchmark1.5-05-21-26_020438,400,101,0
st5-AttUpd,benchmark1.5-05-21-26_020438,400,102,3
st5-AttUpd,benchmark1.5-05-21-26_020438,400,103,3
st5-AttUpd,benchmark1.5-05-21-26_020438,400,104,3
st5-AttUpd,benchmark1.5-05-21-26_020438,400,105,3
st5-AttUpd,benchmark1.5-05-21-26_020438,400,106,2
st5-AttUpd,benchmark1.5-05-21-26_020438,400,107,1
st5-AttUpd,benchmark1.5-05-21-26_020438,400,108,0
st5-AttUpd,benchmark1.5-05-21-26_020438,400,109,0
st5-AttUpd,benchmark1.5-05-21-26_020438,400,110,0
st5-AttUpd,benchmark1.5-05-21-26_020438,400,111,0
st5-AttUpd,benchmark1.5-05-21-26_020438,400,112,0
st5-AttUpd,benchmark1.5-05-21-26_020438,400,113,0
st5-AttUpd,benchmark1.5-05-21-26_020438,400,114,0
st5-AttUpd,benchmark1.5-05-21-26_020438,400,115,0
st5-AttUpd,benchmark1.5-05-21-26_020438,400,116,0
st5-AttUpd,benchmark1.5-05-21-26_020438,400,117,0
st5-AttUpd,benchmark1.5-05-21-26_020438,400,118,0
st5-AttUpd,benchmark1.5-05-21-26_020438,400,119,0
st5-AttUpd,benchmark1.5-05-21-26_020438,400,120,0
istio,benchmark1.5-05-20-26_235948,400,0,0
istio,benchmark1.5-05-20-26_235948,400,1,0
istio,benchmark1.5-05-20-26_235948,400,2,0
istio,benchmark1.5-05-20-26_235948,400,3,0
istio,benchmark1.5-05-20-26_235948,400,4,0
istio,benchmark1.5-05-20-26_235948,400,5,0
istio,benchmark1.5-05-20-26_235948,400,6,0
istio,benchmark1.5-05-20-26_235948,400,7,0
istio,benchmark1.5-05-20-26_235948,400,8,0
istio,benchmark1.5-05-20-26_235948,400,9,0
istio,benchmark1.5-05-20-26_235948,400,10,0
istio,benchmark1.5-05-20-26_235948,400,11,0
istio,benchmark1.5-05-20-26_235948,400,12,0
istio,benchmark1.5-05-20-26_235948,400,13,0
istio,benchmark1.5-05-20-26_235948,400,14,0
istio,benchmark1.5-05-20-26_235948,400,15,0
istio,benchmark1.5-05-20-26_235948,400,16,0
istio,benchmark1.5-05-20-26_235948,400,17,0
istio,benchmark1.5-05-20-26_235948,400,18,0
istio,benchmark1.5-05-20-26_235948,400,19,0
istio,benchmark1.5-05-20-26_235948,400,20,0
istio,benchmark1.5-05-20-26_235948,400,21,0
istio,benchmark1.5-05-20-26_235948,400,22,0
istio,benchmark1.5-05-20-26_235948,400,23,0
istio,benchmark1.5-05-20-26_235948,400,24,0
istio,benchmark1.5-05-20-26_235948,400,25,0
istio,benchmark1.5-05-20-26_235948,400,26,0
istio,benchmark1.5-05-20-26_235948,400,27,1
istio,benchmark1.5-05-20-26_235948,400,28,5
istio,benchmark1.5-05-20-26_235948,400,29,5
istio,benchmark1.5-05-20-26_235948,400,30,4
istio,benchmark1.5-05-20-26_235948,400,31,2
istio,benchmark1.5-05-20-26_235948,400,32,0
istio,benchmark1.5-05-20-26_235948,400,33,0
istio,benchmark1.5-05-20-26_235948,400,34,0
istio,benchmark1.5-05-20-26_235948,400,35,0
istio,benchmark1.5-05-20-26_235948,400,36,0
istio,benchmark1.5-05-20-26_235948,400,37,0
istio,benchmark1.5-05-20-26_235948,400,38,0
istio,benchmark1.5-05-20-26_235948,400,39,0
istio,benchmark1.5-05-20-26_235948,400,40,0
istio,benchmark1.5-05-20-26_235948,400,41,0
istio,benchmark1.5-05-20-26_235948,400,42,0
istio,benchmark1.5-05-20-26_235948,400,43,1
istio,benchmark1.5-05-20-26_235948,400,44,1
istio,benchmark1.5-05-20-26_235948,400,45,1
istio,benchmark1.5-05-20-26_235948,400,46,0
istio,benchmark1.5-05-20-26_235948,400,47,0
istio,benchmark1.5-05-20-26_235948,400,48,0
istio,benchmark1.5-05-20-26_235948,400,49,0
istio,benchmark1.5-05-20-26_235948,400,50,0
istio,benchmark1.5-05-20-26_235948,400,51,0
istio,benchmark1.5-05-20-26_235948,400,52,0
istio,benchmark1.5-05-20-26_235948,400,53,0
istio,benchmark1.5-05-20-26_235948,400,54,0
istio,benchmark1.5-05-20-26_235948,400,55,0
istio,benchmark1.5-05-20-26_235948,400,56,0
istio,benchmark1.5-05-20-26_235948,400,57,0
istio,benchmark1.5-05-20-26_235948,400,58,2
istio,benchmark1.5-05-20-26_235948,400,59,2
istio,benchmark1.5-05-20-26_235948,400,60,2
istio,benchmark1.5-05-20-26_235948,400,61,0
istio,benchmark1.5-05-20-26_235948,400,62,0
istio,benchmark1.5-05-20-26_235948,400,64,0
istio,benchmark1.5-05-20-26_235948,400,65,0
istio,benchmark1.5-05-20-26_235948,400,66,0
istio,benchmark1.5-05-20-26_235948,400,67,0
istio,benchmark1.5-05-20-26_235948,400,68,0
istio,benchmark1.5-05-20-26_235948,400,69,0
istio,benchmark1.5-05-20-26_235948,400,70,0
istio,benchmark1.5-05-20-26_235948,400,71,0
istio,benchmark1.5-05-20-26_235948,400,72,0
istio,benchmark1.5-05-20-26_235948,400,73,1
istio,benchmark1.5-05-20-26_235948,400,74,3
istio,benchmark1.5-05-20-26_235948,400,75,3
istio,benchmark1.5-05-20-26_235948,400,76,3
istio,benchmark1.5-05-20-26_235948,400,77,0
istio,benchmark1.5-05-20-26_235948,400,78,0
istio,benchmark1.5-05-20-26_235948,400,79,0
istio,benchmark1.5-05-20-26_235948,400,80,0
istio,benchmark1.5-05-20-26_235948,400,81,0
istio,benchmark1.5-05-20-26_235948,400,82,0
istio,benchmark1.5-05-20-26_235948,400,83,0
istio,benchmark1.5-05-20-26_235948,400,84,0
istio,benchmark1.5-05-20-26_235948,400,85,0
istio,benchmark1.5-05-20-26_235948,400,86,0
istio,benchmark1.5-05-20-26_235948,400,87,0
istio,benchmark1.5-05-20-26_235948,400,88,0
istio,benchmark1.5-05-20-26_235948,400,89,0
istio,benchmark1.5-05-20-26_235948,400,90,0
istio,benchmark1.5-05-20-26_235948,400,91,0
istio,benchmark1.5-05-20-26_235948,400,92,0
istio,benchmark1.5-05-20-26_235948,400,93,0
istio,benchmark1.5-05-20-26_235948,400,94,0
istio,benchmark1.5-05-20-26_235948,400,95,0
istio,benchmark1.5-05-20-26_235948,400,96,0
istio,benchmark1.5-05-20-26_235948,400,97,0
istio,benchmark1.5-05-20-26_235948,400,98,0
istio,benchmark1.5-05-20-26_235948,400,99,0
istio,benchmark1.5-05-20-26_235948,400,100,0
istio,benchmark1.5-05-20-26_235948,400,101,0
istio,benchmark1.5-05-20-26_235948,400,102,0
istio,benchmark1.5-05-20-26_235948,400,103,0
istio,benchmark1.5-05-20-26_235948,400,104,0
istio,benchmark1.5-05-20-26_235948,400,105,0
istio,benchmark1.5-05-20-26_235948,400,106,0
istio,benchmark1.5-05-20-26_235948,400,107,0
istio,benchmark1.5-05-20-26_235948,400,108,0
istio,benchmark1.5-05-20-26_235948,400,109,0
istio,benchmark1.5-05-20-26_235948,400,110,0
istio,benchmark1.5-05-20-26_235948,400,111,0
istio,benchmark1.5-05-20-26_235948,400,112,0
istio,benchmark1.5-05-20-26_235948,400,113,0
istio,benchmark1.5-05-20-26_235948,400,114,0
istio,benchmark1.5-05-20-26_235948,400,115,0
istio,benchmark1.5-05-20-26_235948,400,116,0
istio,benchmark1.5-05-20-26_235948,400,117,0
istio,benchmark1.5-05-20-26_235948,400,118,0
istio,benchmark1.5-05-20-26_235948,400,119,0
istio,benchmark1.5-05-20-26_235948,400,120,0
istio,benchmark1.5-05-21-26_020438,400,0,0
istio,benchmark1.5-05-21-26_020438,400,1,0
istio,benchmark1.5-05-21-26_020438,400,2,0
istio,benchmark1.5-05-21-26_020438,400,3,0
istio,benchmark1.5-05-21-26_020438,400,4,0
istio,benchmark1.5-05-21-26_020438,400,5,0
istio,benchmark1.5-05-21-26_020438,400,6,0
istio,benchmark1.5-05-21-26_020438,400,7,0
istio,benchmark1.5-05-21-26_020438,400,8,0
istio,benchmark1.5-05-21-26_020438,400,9,0
istio,benchmark1.5-05-21-26_020438,400,10,0
istio,benchmark1.5-05-21-26_020438,400,11,0
istio,benchmark1.5-05-21-26_020438,400,12,0
istio,benchmark1.5-05-21-26_020438,400,13,0
istio,benchmark1.5-05-21-26_020438,400,14,0
istio,benchmark1.5-05-21-26_020438,400,15,0
istio,benchmark1.5-05-21-26_020438,400,16,0
istio,benchmark1.5-05-21-26_020438,400,17,0
istio,benchmark1.5-05-21-26_020438,400,18,0
istio,benchmark1.5-05-21-26_020438,400,19,0
istio,benchmark1.5-05-21-26_020438,400,20,0
istio,benchmark1.5-05-21-26_020438,400,21,0
istio,benchmark1.5-05-21-26_020438,400,22,0
istio,benchmark1.5-05-21-26_020438,400,23,0
istio,benchmark1.5-05-21-26_020438,400,24,0
istio,benchmark1.5-05-21-26_020438,400,25,0
istio,benchmark1.5-05-21-26_020438,400,26,0
istio,benchmark1.5-05-21-26_020438,400,27,4
istio,benchmark1.5-05-21-26_020438,400,28,4
istio,benchmark1.5-05-21-26_020438,400,29,4
istio,benchmark1.5-05-21-26_020438,400,30,2
istio,benchmark1.5-05-21-26_020438,400,31,0
istio,benchmark1.5-05-21-26_020438,400,32,0
istio,benchmark1.5-05-21-26_020438,400,33,0
istio,benchmark1.5-05-21-26_020438,400,34,0
istio,benchmark1.5-05-21-26_020438,400,35,0
istio,benchmark1.5-05-21-26_020438,400,36,0
istio,benchmark1.5-05-21-26_020438,400,37,0
istio,benchmark1.5-05-21-26_020438,400,38,0
istio,benchmark1.5-05-21-26_020438,400,39,0
istio,benchmark1.5-05-21-26_020438,400,40,0
istio,benchmark1.5-05-21-26_020438,400,41,0
istio,benchmark1.5-05-21-26_020438,400,42,2
istio,benchmark1.5-05-21-26_020438,400,43,2
istio,benchmark1.5-05-21-26_020438,400,44,2
istio,benchmark1.5-05-21-26_020438,400,45,1
istio,benchmark1.5-05-21-26_020438,400,46,0
istio,benchmark1.5-05-21-26_020438,400,47,0
istio,benchmark1.5-05-21-26_020438,400,48,0
istio,benchmark1.5-05-21-26_020438,400,49,0
istio,benchmark1.5-05-21-26_020438,400,50,0
istio,benchmark1.5-05-21-26_020438,400,51,0
istio,benchmark1.5-05-21-26_020438,400,52,0
istio,benchmark1.5-05-21-26_020438,400,53,0
istio,benchmark1.5-05-21-26_020438,400,54,0
istio,benchmark1.5-05-21-26_020438,400,55,0
istio,benchmark1.5-05-21-26_020438,400,56,0
istio,benchmark1.5-05-21-26_020438,400,57,2
istio,benchmark1.5-05-21-26_020438,400,58,2
istio,benchmark1.5-05-21-26_020438,400,59,2
istio,benchmark1.5-05-21-26_020438,400,60,1
istio,benchmark1.5-05-21-26_020438,400,61,0
istio,benchmark1.5-05-21-26_020438,400,62,0
istio,benchmark1.5-05-21-26_020438,400,63,0
istio,benchmark1.5-05-21-26_020438,400,64,0
istio,benchmark1.5-05-21-26_020438,400,65,0
istio,benchmark1.5-05-21-26_020438,400,66,0
istio,benchmark1.5-05-21-26_020438,400,67,0
istio,benchmark1.5-05-21-26_020438,400,68,0
istio,benchmark1.5-05-21-26_020438,400,69,0
istio,benchmark1.5-05-21-26_020438,400,70,0
istio,benchmark1.5-05-21-26_020438,400,71,0
istio,benchmark1.5-05-21-26_020438,400,72,2
istio,benchmark1.5-05-21-26_020438,400,73,2
istio,benchmark1.5-05-21-26_020438,400,74,2
istio,benchmark1.5-05-21-26_020438,400,75,2
istio,benchmark1.5-05-21-26_020438,400,76,0
istio,benchmark1.5-05-21-26_020438,400,77,0
istio,benchmark1.5-05-21-26_020438,400,78,0
istio,benchmark1.5-05-21-26_020438,400,79,0
istio,benchmark1.5-05-21-26_020438,400,80,0
istio,benchmark1.5-05-21-26_020438,400,81,0
istio,benchmark1.5-05-21-26_020438,400,82,0
istio,benchmark1.5-05-21-26_020438,400,83,0
istio,benchmark1.5-05-21-26_020438,400,84,0
istio,benchmark1.5-05-21-26_020438,400,85,0
istio,benchmark1.5-05-21-26_020438,400,86,0
istio,benchmark1.5-05-21-26_020438,400,87,0
istio,benchmark1.5-05-21-26_020438,400,88,0
istio,benchmark1.5-05-21-26_020438,400,89,0
istio,benchmark1.5-05-21-26_020438,400,90,0
istio,benchmark1.5-05-21-26_020438,400,91,0
istio,benchmark1.5-05-21-26_020438,400,92,0
istio,benchmark1.5-05-21-26_020438,400,93,0
istio,benchmark1.5-05-21-26_020438,400,94,0
istio,benchmark1.5-05-21-26_020438,400,95,0
istio,benchmark1.5-05-21-26_020438,400,96,0
istio,benchmark1.5-05-21-26_020438,400,97,0
istio,benchmark1.5-05-21-26_020438,400,98,0
istio,benchmark1.5-05-21-26_020438,400,99,0
istio,benchmark1.5-05-21-26_020438,400,100,0
istio,benchmark1.5-05-21-26_020438,400,101,0
istio,benchmark1.5-05-21-26_020438,400,102,0
istio,benchmark1.5-05-21-26_020438,400,103,0
istio,benchmark1.5-05-21-26_020438,400,104,0
istio,benchmark1.5-05-21-26_020438,400,105,0
istio,benchmark1.5-05-21-26_020438,400,106,0
istio,benchmark1.5-05-21-26_020438,400,107,0
istio,benchmark1.5-05-21-26_020438,400,108,0
istio,benchmark1.5-05-21-26_020438,400,109,0
istio,benchmark1.5-05-21-26_020438,400,110,0
istio,benchmark1.5-05-21-26_020438,400,111,0
istio,benchmark1.5-05-21-26_020438,400,112,0
istio,benchmark1.5-05-21-26_020438,400,113,0
istio,benchmark1.5-05-21-26_020438,400,114,0
istio,benchmark1.5-05-21-26_020438,400,115,0
istio,benchmark1.5-05-21-26_020438,400,116,0
istio,benchmark1.5-05-21-26_020438,400,117,1
istio,benchmark1.5-05-21-26_020438,400,118,1
istio,benchmark1.5-05-21-26_020438,400,119,1
